"wd_id","status","variable","value_old","value_new"
"Q1323525","NEWvalue","name_ko","","워싱턴 호"
"Q1323525","NEWvalue","name_pl","","Washington"
"Q1495651","NEWvalue","name_sv","","Lake George"
"Q1627906","NEWvalue","name_pt","","Lago Caddo"
"Q7356585","MODvalue","name_fr","William","William 'Bill' Dannelly Reservoir"
"Q13700","NEWvalue","name_tr","","Texcoco Gölü"
"Q15118728","NEWvalue","name_en","","Little Salmon Lake"
"Q7236081","NEWvalue","name_de","","Powell Lake"
"Q7236081","NEWvalue","name_es","","Powell Lake"
"Q7236081","NEWvalue","name_it","","Powell Lake"
"Q7236081","NEWvalue","name_nl","","Powell Lake"
"Q22702352","REDIRECT","wikidataid","Q22702352","Q1799606"
"Q22702352","MODvalue","name_de","lac Pusticamica","Lac Pusticamica"
"Q1800890","MODvalue","name_en","Lake Chemong","Chemong Lake"
"Q1800890","NEWvalue","name_sv","","Chemong Lake"
